UID,growth_stage
F3LbWkZq,1
6P4wLVzI,1
Tn6HIrdS,1
EYM5R1TK,1
fkcevlA0,1
QumzsyqU,1
I5axlwYR,1
C95wnKFx,1
79kzEdvF,1
YSCVBnkr,1
Zmw5jCv8,1
a1dESxDL,1
yxR8khFG,1
qiAeBInp,1
nlsuxPb1,1
QipL41yR,1
ez51RTAd,1
OHs5wU4D,1
8mAFW0O5,1
h1q6dJaE,1
lzbf64tR,1
fbFrvuMy,1
YL9uPlKQ,1
3fmyxTPW,1
TRiWtzmH,1
ea5vKYbg,1
ev4J9Znk,1
JlzBWAiQ,1
02r3NCOn,1
5yzDhIG9,1
uFov7HMj,1
Mdbf7phC,1
XEqn72xH,1
yOpjAIEd,1
csKGjRnZ,1
sLmqi4MF,1
n4x93S0A,1
cjLbHRd2,1
5yBodArn,1
2RJg5kn1,1
yF85wofa,1
WEzAFuQd,1
u8X70MTq,1
0BhesCpG,1
d5gMpF8s,1
qOXf7gQG,1
SHIy1VBR,1
AiDCWG4w,1
aVItZUgv,1
TEpU9c0h,1
pBvjka2l,1
fA9P6aYp,1
ArLekHmw,1
dx9zDI1e,1
7K5V1qG4,1
boG3WrF7,1
R2GBX9wI,1
XrOI6yVi,1
eclVvtOL,1
GsXZT1Hu,1
SiyhPHu5,1
98yimZvV,1
dx2tF06s,1
EYvnWRTh,1
KGhCX2oB,1
tldHprfI,1
x5hbDg1Y,1
RYdI3Cya,1
WNJweB4n,1
OQoNfCxV,1
bjGUWPe1,1
UtNC8AL1,1
YWLtgXcQ,1
Xd2xPqn7,1
LVC04ANW,1
LJ8AaeO6,1
GZvLNXSI,1
naiN5fbQ,1
KMi2kNm4,1
sWr8Zvl2,1
5wsJPzrh,1
DZpvzFb2,1
RKNUVDeX,1
6N5XgjhW,1
OX9beHvY,1
buWisBrV,1
7of35Qmn,1
9N5UQmr2,1
Iap5Fkeq,1
pukYiMEN,1
Z2Sf803X,1
taWmpYMU,1
kHWwU7nd,1
kqSXD47h,1
pQeSBWNw,1
pOQhoCkw,1
pPZKThN5,1
uLfYIlD6,1
c2zkC7AD,1
gUMoeSmx,1
m0GrH6Qu,1
XpThrgWz,1
K7NB9DTQ,1
YujpNm58,1
0GRH81Ev,1
vyZBw8WL,1
uGBiYKVX,1
jmOu8DPN,1
0Zp6G1zs,1
VLvsAB8F,1
FcMpiv4n,1
erSItOf1,1
4QXUpDVk,1
f6tXCglR,1
sVtrXnpY,1
VKaq96EM,1
D6dw8UaW,1
uby8XZgs,1
OAx5qNTG,1
PFyoJOdT,1
1rhsHvSO,1
oaEKXJ4f,1
mOZfMR50,1
xHe0nRLq,1
B1KLFaCp,1
9xI2MwDG,1
nMOl7Js2,1
pblEtqOz,1
IMyaU8WK,1
MyJTuOUe,1
IWFw1sHo,1
65cdV1b4,1
qlXUI5Hh,1
S2UGg4IN,1
9pK6zYu4,1
K0fpXvQA,1
gNWqte1i,1
HFnQZu5t,1
KlVa4s2d,1
oGWwB125,1
dY9xXJIf,1
KIfDXFN7,1
M5La7dTH,1
yat5IxlF,1
7cHqVYEa,1
XTUm4pk9,1
pfsIehvA,1
kixnBarj,1
j4AbTcna,1
BtifD0PE,1
R0viFJGM,1
MeCwnSEy,1
prnh2i4F,1
ErwHC7f5,1
rNI1anAU,1
QD3LgpiB,1
9caYEKud,1
4caw69d8,1
jrqAldxh,1
vb159dek,1
RpzD1ZHg,1
iGfhc9Nk,1
RS9fIzCG,1
GPWkxtag,1
4B8JY9sm,1
b2O1WTqZ,1
rOt4IsbF,1
ZO4tqAE2,1
WDvz8Caq,1
ajgx0Fht,1
LvQq7FZE,1
e8OpGTLl,1
hZ8qSVrc,1
XABOH41b,1
iofzl16n,1
ZYdt4igv,1
BRUx6jSV,1
KVW6gpm0,1
x6SfnMrI,1
R93zSUNI,1
9KyDL5HJ,1
AdDZ3TaQ,1
rxGSm1Cw,1
xEMCuJg1,1
MN7V0SaA,1
gbluswdc,1
ZJAeF7bT,1
Dvpu59lP,1
oZ17Eqdc,1
CUNu4nQy,1
obgEa68r,1
OLpr4u5v,1
LetmgyG8,1
Rba6Ipqo,1
8gj6d5tP,1
owkGm6SJ,1
M7UipCyV,1
OP8fD7cx,1
exUJsrAp,1
pndgP9cz,1
N1MwKcgS,1
36HRe2yU,1
7JqzXnV5,1
eOBlz6Tx,1
mCQudEx8,1
hB3slnQ9,1
J9rKe3RY,1
YaHUr12R,1
RDQqK9yi,1
ZezgDxoy,1
rLdTfPZW,1
7Ikq32Hf,1
FNEceJ9a,1
1kHrP68J,1
icERW2QO,1
JRPqaNtd,1
sN59jCiY,1
PhfGVOi1,1
NXs6SuIC,1
0ESY7mwz,1
3zNAKol6,1
kyERJ2DY,1
iuZelR5S,1
FuMcY6pP,1
w74LHVxm,1
MRboJDF8,1
6MgFcdfH,1
YoPSEiU8,1
VAMTCleY,1
TOAlPEv1,1
kzAVvWMJ,1
ViwUTzIF,1
Wz7NcZK8,1
a7BQlZNJ,1
dobCW3qh,1
T9rKfZdD,1
f4hGKnd5,1
b4SQJ9BX,1
SC0Wix53,1
Acy8qgvn,1
KiXArfSd,1
rHZRGaId,1
WTKt7cEh,1
gLIZuaNz,1
vOWpCrwy,1
4wmTpFl0,1
roxOB1Xu,1
M6TS2wWk,1
BTKVM3E2,1
yR7K6zEY,1
oKq8mJHM,1
eLjsH7nB,1
d016vgrl,1
djE02hPR,1
8fQgm7ud,1
lFgoc4mj,1
MXAWTo8k,1
U9GtyrEq,1
TQtsOIBw,1
fc6Sygdz,1
oTVAnOet,1
UgbGpWxc,1
5jsYSO8F,1
0HjL4BqP,1
ubHwgqZI,1
dVaEWmx4,1
p8kh7HJr,1
I5qzUEXt,1
j7dnxK2y,1
CeaDAJ0S,1
imWIhPfs,1
tgQXGFZ4,1
jqbmv2hf,1
fw6mA7Bo,1
KMmbpx9G,1
RN0OjFAg,1
f2MbmagJ,1
CJSNEk9O,1
JjeMNFkH,1
V9i7zI8m,1
E3cjhwb7,1
kmz5wNeq,1
N6JPTt0j,1
WcrhJO2d,1
UtyIPKqV,1
DNcWalds,1
Qqd4EBW8,1
FT5yW2oZ,1
M1BwZP4T,1
7UkXiHqx,1
hmCu5HcV,1
I2Xw5pKn,1
HkeW89SD,1
MsfLTEI1,1
aX5QGqrH,1
EsLHVp1T,1
l4zbjwkQ,1
egTwlvhB,1
k0djUVzA,1
dcbtmA1a,1
Oz9v6V5Y,1
i2qUNuyp,1
REg4mis6,1
TbUX4LIW,1
PtZvkWxH,1
0fjE7lCv,1
7ScQypUd,1
6WVfUpCX,1
4esHErzn,1
peLqk1I2,1
PUIZdJwq,1
xacOp5zJ,1
16OSYFld,1
7fYEtdy4,1
tWwFupJx,1
yvNQEBHT,1
Vpy7u0Uq,1
0ijdkDXF,1
2CeXJzq4,1
pQSbsJcr,1
CbZ17GVq,1
DfUI4tny,1
65Ioaprl,1
283mKynl,1
xc8mZAyr,1
MiryLvz8,1
1y2LTcZd,1
ZNPlW8Kt,1
7Z84xXEt,1
W4ahGCkZ,1
lfJETzi4,1
q0m86rSo,1
kBpuTJZb,1
Og5skWNm,1
IXnbT3KG,1
4wdElV2g,1
5qPDMoFa,1
SuIwOMci,1
JMh1fe4k,1
Rp59LAob,1
Dvpa6C7e,1
N8gBDRP3,1
V3wiGKzd,1
3IeBRYCx,1
wLapR6oJ,1
R05Z6hQm,1
2b0mY59u,1
lj0kOIBC,1
28KBsFfY,1
lCS84edZ,1
D84xQnVu,1
VL1ZMtbX,1
x7yMTAls,1
iPWIN8oU,1
9kvAaDtY,1
IA3vZUGx,1
5iARqtsQ,1
lxiku2fn,1
ALVeSbic,1
GF75ErAc,1
P19YhWMR,1
l4gNti6m,1
wQHuPIUE,1
Od9Njrp0,1
KrTnH3Qu,1
hpiUmDQ7,1
dv9H6UjZ,1
goHmZxYB,1
02QNbFW3,1
JQAXql50,1
9ogZs3di,1
GaNoxbjt,1
Z6X2qvRQ,1
WAvCUJNu,1
g6VieFmA,1
giYKWu2h,1
z65qbiXw,1
NP8Fgvm2,1
8F3tga4v,1
ElftGgiP,1
SRaMj2dc,1
5eNAsw42,1
bsjOkFB7,1
pxcNUlYu,1
rW9G1MtJ,1
oKVHBWxG,1
bncJ6xe0,1
H9UoNrdb,1
aoTQcB7g,1
rTnujPKo,1
JxbZCM2R,1
EfDNvXds,1
iAB8TP25,1
SKAEC3RQ,1
IX8KlCMo,1
h9FWqIny,1
t70JX3ND,1
tVsYKDuI,1
MemTRnLj,1
fe69SVwu,1
uVgzn9ra,1
tgQMHsSp,1
ZhIel8sf,1
ZDWREh1P,1
YVrjv2Sy,1
CHX1Zmcv,1
GCWRSDZU,1
wIcrFBGu,1
GUKIxOhl,1
05fShdVk,1
ENftwO73,1
36MW0dvD,1
N16SdRtl,1
HJjuObsD,1
NmlBjShL,1
3WBwx5HA,1
ORDWbL4V,1
k5teXFQo,1
gpuXb6Pw,1
RgPjp94v,1
hy4s1vPF,1
bCX4hGs3,1
TB7VDRW5,1
FnQ0XWNV,1
t6ox4C9Q,1
RerxuJAK,1
cs9lv2AC,1
5o9wyTfK,1
H6vA1jCk,1
9zXuApPe,1
b9qQiu8U,1
V0Ps8zM3,1
oYOAqbth,1
jcoG9nNe,1
b8fMqirk,1
YPISOfvM,1
xOSZkyt9,1
r4Ghvojz,1
1vMtoPa6,1
eGuoRZ8x,1
pXa0AbgM,1
HU1vwqg9,1
T5W4zF3R,1
ALUrIvRQ,1
jNUYJ1rR,1
txAlVfY4,1
mZfPrWhd,1
xAzwo72l,1
0jxdE74J,1
uiLzpDZ6,1
B9rOaQH7,1
BoPcxdOi,1
Fd5xsn7E,1
Yn7KhAgS,1
jRJwBVO0,1
TKgFJE07,1
Jp2LjfQn,1
wQ0U8KPO,1
sqISgiVE,1
7JjH3Zcu,1
BpvEfw6Z,1
h6PsdwuS,1
ULCBu17K,1
jDoIHgbK,1
TFf7MkGj,1
lr5Hmiq6,1
EfkOGSpJ,1
aqVhTeJB,1
MEAWelsk,1
VAQwU30e,1
47LojPYg,1
ekPT23b0,1
PksQfXh1,1
29Bd5rOS,1
7hJxdnoi,1
kndgbI4v,1
DOrj1GVz,1
4MBmlzyx,1
JVgLtP34,1
3hfPVX17,1
s6IfPkdM,1
mhFxi2Vc,1
vI2BTWQP,1
fUy54etY,1
eWtx9Kc8,1
ia5gUTbP,1
gZoNyAGB,1
CV92qJb8,1
Gtme6lEQ,1
dRPJhLN4,1
J7ZEbosO,1
RY7sOqCg,1
SL03QC2h,1
1ESgRlTV,1
ZFw9p54a,1
KOrJxDbR,1
8a720hDR,1
x1iyAL02,1
LXyBVGO6,1
rNjOqalK,1
WSkDPVd7,1
UW96wi1L,1
vIVHgSl5,1
xF9tI3h1,1
Xw1tyDRJ,1
p8KR2CYx,1
KG04wxEI,1
9WrsFf8d,1
FHGlRUVY,1
TSAZp1PG,1
v12btmNS,1
iaLBez3l,1
yD2WFf0Y,1
fHlWhpJK,1
QJ7vPHmw,1
7xMeh8ws,1
XqMFV0S5,1
rOsaRuBQ,1
Co6cUPfr,1
G3geqJLM,1
uO803vDh,1
LVvUh97o,1
ME7kxfC1,1
p3l4zFCs,1
ikCHZmsj,1
YvCpysGD,1
JBZWld10,1
4oXLvYzq,1
4XxvcU7b,1
9PTSgiB5,1
wKMbD0Iu,1
aF0xVU17,1
w0bvVpGP,1
gYhjsJW5,1
HSvkAOKw,1
jVcWt8Qf,1
3E5KNtqH,1
5jpisYyC,1
QKTNa0id,1
FNBpylCh,1
vikYIpLE,1
mv9sK6n2,1
N1EYewRy,1
GJ9fMILW,1
ZnRKSWNx,1
5dVa2sRg,1
xZ8dHiSQ,1
UACdfRNj,1
TzGg2BEt,1
rsFqximd,1
I1uLGpU9,1
GA8KXd3x,1
Ht9YpAxf,1
XdmhRSy8,1
euMyWZFL,1
IFvanhGy,1
H1ANiRSM,1
VWeJA0Tr,1
56iGRSZc,1
tw2CkTj8,1
gheEPUuy,1
8h6sxNZa,1
voy46ZmO,1
WBxeQ3Dk,1
BHg4VyZO,1
aHGrTuMj,1
mFgyNLsS,1
7lyZUzX6,1
1anb4D2R,1
s5xyv6OB,1
FZV3cw4j,1
YNVrzqDf,1
TnUXKe29,1
4Za7r2c8,1
TdE2N8h3,1
nJFM5yx2,1
agK7mhJY,1
kfeQOd0E,1
UmKVxWAJ,1
gvtxm0Gq,1
GSfklKyH,1
7RpfeOWH,1
RL8DYjp5,1
NQ6r5iPq,1
MymaxB0b,1
vOAp5ufz,1
L0pVInju,1
B5RQpdlT,1
c7j0qhDL,1
IGnYUeqZ,1
lisZPdy8,1
1IitTX6L,1
TUVP40DX,1
ACjRtu9T,1
y9zBvDti,1
GldF7xHp,1
Howgi2UA,1
eIaVNhZE,1
GNKEYqi6,1
oB7YXcsd,1
JOLqVfEF,1
L26a4rvJ,1
w1y3iVXW,1
sFPOhrNL,1
07srh62p,1
1g0r4OS9,1
YSrn3mQ6,1
wOYSezJv,1
HAGz1qFN,1
nO6KSTvj,1
QFwAl3L2,1
gDIiXbnp,1
KHPVJeg5,1
Vym9Lvfc,1
aS6dUlLN,1
b75CdZXB,1
TidvjJAm,1
fo92HOeV,1
SMgtqRJm,1
o6Wr9LUq,1
qTmVkEi3,1
cFpb3ne2,1
bueOnMP7,1
ygExOF4d,1
qri5Gc3d,1
7CDmNhF4,1
ucEsbh6L,1
Gvfuxpt1,1
MfHkt3J1,1
NGwTkBSb,1
oSXBVJdq,1
1my2sb4Y,1
n85du9yA,1
TEafjbQs,1
8BGTHEIA,1
AqCBDMfK,1
jFeJSa3H,1
T5l7owkq,1
veJ5zO3P,1
rxMO0Twb,1
NEvwkTtH,1
yI0HXzaC,1
QZhGIVzY,1
ZzBlKxvg,1
TEyBtqm9,1
TnSiNvsL,1
lRSGgHOt,1
9lQB7gS2,1
vGZlOHIj,1
Dvi5hUWj,1
fhGpJsj4,1
kMc0Bwx1,1
g2PQHaGD,1
dl2o0aJU,1
kGmMfEcK,1
mWQwz5JE,1
kRvPHjKp,1
eMvXPDqk,1
KA1qQgI9,1
wCo1f3bj,1
QRCzovKp,1
t0uyNlAJ,1
1GwhJc06,1
1ZeEcwQs,1
xoIqHRFb,1
bn8rw0V3,1
VUhAtdZL,1
xsrKBdM8,1
qipLl30T,1
lfnJrUTy,1
kFQTN5gO,1
LPwOYVDp,1
1pEeS4t5,1
WczxXZy9,1
qxympPQA,1
L1U7r52k,1
rUZG5x1q,1
BmV3uSkc,1
RiDwXMb7,1
hy85zXnp,1
lyxcdY4C,1
CNDRh3EH,1
4RxQyT3Z,1
RMEv2wQO,1
8kI9B31X,1
7RFtZLGM,1
H9S1ZD8p,1
T8IMBYqr,1
OjZzxpd9,1
vVKkI6Dt,1
RCotO5Nv,1
F53g9PLt,1
GNRM0EZ1,1
mkBiToYU,1
Sq0znCOG,1
aTqhVWvL,1
hYJX1bvo,1
mSMXvilN,1
ADjzJr1C,1
hEFkRLQr,1
rX7zUBlL,1
ZgBosFRI,1
Q0YRcZfw,1
pFwb3kNq,1
ouRNBHKU,1
8EAeZUqO,1
ZrsXjSHc,1
hiqbcx7N,1
lsnykWEj,1
bO0LKYwg,1
w6H8VGuQ,1
d6lN5LAD,1
GbYNiDrz,1
dMqbjt4Y,1
NLKsXFcb,1
56jcEyPw,1
90J48jBd,1
03Wa4HYF,1
Sg7AtflT,1
8uMdHUsN,1
ztsMbJe0,1
8G3iFmst,1
VQMlJ3kT,1
P8pe9ELk,1
2Xu31VSt,1
YQUIuwEV,1
PTFcXNHU,1
nlo9WBu6,1
igPT4Ozd,1
O213cLwa,1
BgopDjv5,1
OdjkwaBW,1
KePMFkST,1
8ujzkYpW,1
wusrV0fl,1
64F9BMml,1
ZGt4nD3r,1
3BOl0JhY,1
ei1jRaZu,1
ohKrlW2S,1
Hv4DKi1w,1
LvqjT8QX,1
Y9KHUrN8,1
SsZyIQJT,1
oN1O4pEB,1
NEr2aMwj,1
ztg4lqnL,1
KxVULm5q,1
jiVRwDlk,1
3LiA4uNZ,1
V53jzKa2,1
JI9ld7C4,1
NYifOelu,1
oT3qPWUS,1
XYy9zWcV,1
U2pG4rqu,1
19kEyeJn,1
eBWP1QIu,1
I8Y2Qx3f,1
7okPG8j4,1
HOYhkC9j,1
qCmzM9uU,1
S1sUv7lY,1
McxBapsF,1
Je1hSTLX,1
CEvjs5OA,1
qWZdRMhS,1
H7cfKFaX,1
hBjt0apJ,1
yYiMHdZS,1
U8ADIrJ7,1
Ro9Jxvg3,1
GaB4sAEI,1
5GrKZsL8,1
D1ktBdgR,1
umZRYpkE,1
mTD4fXjR,1
Qj75xrso,1
GUc3oOmz,1
HUalb1fG,1
GBCeOf1n,1
wKRYxsJz,1
A4tEmUC8,1
veyScD2Y,1
YtvPujhV,1
CpY25wMy,1
EnR86rD9,1
Fi7kSpPw,1
zHlbSeUt,1
1NjSoU7y,1
ykAXFYec,1
1adscp3o,1
FrCBf1Zc,1
HYxED0Km,1
NacJmiA0,1
Od1KEsNy,1
5fJt3kvx,1
iWr9veRS,1
Gdqn17og,1
TRS7NcDo,1
rTNpU0zJ,1
UA9z6vt3,1
LYT0UG7g,1
e9VMAihp,1
sIlR8eqS,1
WRCpTGfN,1
GfytarsQ,1
YH9wSsTu,1
xVBlReUf,1
sdlajTy3,1
gSDtreIv,1
cWU9HNQx,1
z7GfNYZx,1
I1CALO53,1
v6K90GSe,1
dcC9lvN2,1
Fn4Q2ogi,1
4oxCWvHd,1
V1XDruNJ,1
iuFzgnQ2,1
wjMpNH4u,1
pXZYdHae,1
vyiL94pR,1
NE82LmY1,1
riS2tcjm,1
fJj6xSMQ,1
dmeZk9f2,1
ORnI7D2i,1
uq9DbZ35,1
tPcMoimB,1
WMsvPUNx,1
YSe8b5Mm,1
ApQsqSy3,1
C1sZfcqM,1
EHYigXDv,1
dxJ4bYi1,1
r9zmwEYn,1
7NGBbOgi,1
BYH0OvPV,1
7B9TQolg,1
QK45uaXH,1
AFMRewKq,1
nKLs3DMd,1
2CtdApWL,1
kyV5n2zj,1
0YwMVZhE,1
iwvctaIj,1
iEnCgBY9,1
lBSavY3t,1
NBQTqrw1,1
JEQ9LD8d,1
FYpLdOZJ,1
BofEqnPc,1
dfEZTSl5,1
SjBDiv51,1
lewIaKkH,1
lGtmZfCU,1
E57WgUc3,1
EoKyHAPM,1
dVxFoNur,1
SvQrXuaP,1
ec0RB2rJ,1
G825pVIU,1
b5FH0net,1
vifeDjFJ,1
fatMUhsL,1
UXSaxJC3,1
EK4qtOGZ,1
WZE5MpKJ,1
lrhd4eFO,1
XsS0HVFY,1
0Y5uSP6C,1
ltcdHKYR,1
xs0Drgda,1
ZjNaGtLA,1
Oe09xvkf,1
QO8NkdGc,1
UyZGmBt5,1
EdjpuSCO,1
wTS2jms6,1
d3KGhI52,1
RlU8TCIb,1
OCMu3AlF,1
4C8t6ERA,1
SCPkNz13,1
cDFqzIuy,1
ry0X6kae,1
jEnB7ogH,1
5iaZEqhF,1
xBQkwGHa,1
jzrL8oU4,1
Ndo2VrJl,1
5oQJ37TH,1
FQjfGO47,1
FIYje4XQ,1
xKZJontH,1
woaE8VkF,1
ICnJe6hZ,1
ZkWo8Xhw,1
KIrkcANO,1
K5YPm97Z,1
MHBXw4QS,1
BGc56Qrv,1
SpBH8q0F,1
4qiSchx7,1
70V6igj1,1
e7W9Q2jz,1
ZGI4TVCu,1
42wH91n3,1
Cam6BqGs,1
7paFqTzv,1
osJV9XUD,1
PENafCh2,1
1ABFc9Pd,1
ZrxU21lJ,1
kBy7ng25,1
EgA9SZz4,1
fLuD5Hmr,1
JMz6oTwU,1
OAEBRufe,1
9cl0PMRz,1
sdT7Yk10,1
J6Mzp1AZ,1
plqw1gCb,1
SrgLwCmR,1
dEyY0lqZ,1
xMi263eH,1
CeJYi6nq,1
wuQd9HKL,1
X0d3GqN5,1
QMWif2oR,1
G8rcqgbH,1
TpSHeQ1r,1
57ew02p9,1
GdryNVqx,1
cNTt1mC4,1
EFJbU6lr,1
8QtCnJId,1
ArTuJhFv,1
MWEVXG3J,1
W5K0AGtT,1
Sq5we9z0,1
DmA8SzOv,1
0NJgEvMB,1
5UtxLIqu,1
o7aFyCdp,1
lnKaEMwe,1
SYvGuX0H,1
G5gTUwVu,1
3z69sobp,1
nNsZY1ji,1
qFzHfBTu,1
gPJ97YpD,1
71OGcJCQ,1
6ibPDan9,1
MriXKmhQ,1
LWaK2XB3,1
USPG0tep,1
pnwdzT9G,1
dGpWIJkw,1
GWThOy7P,1
baIJW7Tq,1
bjmHSzs3,1
vOyYwscb,1
aMHPYLIJ,1
Z3AiCvYG,1
igmIBT38,1
ZvJjlqWS,1
K9EWhfti,1
1qT2CMi4,1
TRLOikxh,1
lgfTq0WR,1
hMmKNuBq,1
dMFa745Y,1
pRVO9SmL,1
5v0RlYe7,1
KluIBE1g,1
ajLf0tZq,1
WLMplVsR,1
ywTIXmj9,1
TQiOqwB9,1
Hnh8YliS,1
FMUsBjdg,1
s9dKF6uE,1
xn4PLr9a,1
NfvdGmeq,1
KBUMT358,1
WQga27kS,1
HRdnZwcX,1
iqEub8LO,1
DVjxgMkd,1
faTVnFmW,1
vJp1KXW7,1
g3GVFSvw,1
6XcgySFR,1
FHwtEaNm,1
eJwaFK8r,1
itujJHgs,1
PiW0YOUK,1
M3VqQB54,1
ya7u8sMA,1
sYc8Dt56,1
yeFb9iPW,1
3YNprHX4,1
095Yvbxz,1
FyOYtJ4V,1
pqvO5P7N,1
DMGsqbxj,1
FirnfbC0,1
YbSkdErW,1
uFicPlCZ,1
yeSbtLY5,1
kEvtHwzL,1
cHNvqp0C,1
EZew8YXW,1
vQhM2JDV,1
zpqPMFsR,1
AzbX3ZFn,1
10kQj7if,1
QRE3eG5x,1
G3n6JE8A,1
R8hYZmUl,1
bhc2fuKl,1
blMiKsSv,1
iDsI7yeL,1
wfs83qEC,1
HLJScg4Z,1
hwlkt2BZ,1
m571zqCP,1
VHvfQFPi,1
ihlbf0Bk,1
k7T8JbL4,1
5C6D9EyP,1
80LMbX92,1
84Mihx92,1
1aBpYQLR,1
345Htksu,1
EtgpRra2,1
tSd1cF3o,1
ikvnlrwG,1
SXlmcK5L,1
xyE5MUDV,1
wfGRV1im,1
3NTUKnek,1
kjHmw142,1
ALyJdZS3,1
JG2rnAgW,1
2GQPIci7,1
41woZNqE,1
2zQMehTs,1
ow9zBT2c,1
1ZcTosvV,1
BDEb8nAT,1
lbZA0aWM,1
VgTGtzFR,1
VJHzCwp4,1
oGFXwban,1
oeh6Vwvu,1
yVkBtPUZ,1
AQ5IHuf3,1
dLrIM6UO,1
18QOGs7F,1
YoVK3ITM,1
KuwTZHxG,1
CBQgIWN8,1
DsaCkKP1,1
kz9cdCPQ,1
Rdh8ZJjr,1
r1QlykZY,1
dJm6GEZg,1
zt5g1j4Q,1
wFR9PLUN,1
eh9C4RAs,1
Ib4v7TrF,1
Hgb17qan,1
zhOcCl53,1
CUDfZ1t9,1
Nehdml9n,1
0WozDxGb,1
3nBjFLco,1
nZ2dPRJx,1
yTtuCrsd,1
zCMfyKW5,1
JBCmyq3o,1
1UoGRIZu,1
vwWuTAOU,1
fhnPg8KX,1
k9GYnSTc,1
ilETJYZ1,1
l6d0RHM5,1
ckQxPogF,1
cYpK8LaH,1
3lWJaomS,1
zoXSKZRj,1
Z0Q5Up6N,1
akboEKhj,1
A7SQUIln,1
ZuIwacrW,1
9y8rxwbv,1
WLB2psVb,1
0TiYsL8a,1
NzrYFk29,1
6eXB47ov,1
uxrlFGaJ,1
kD0tycT8,1
9vs6PGyI,1
pwC9GP4m,1
RKAJWCF4,1
2dfIxX9V,1
G0dNzqnJ,1
Ch1Z2KpD,1
h4wpKQOL,1
JyWYMO6k,1
6WslLinY,1
Qd94hSfo,1
bpOX8Grz,1
bzLxTviR,1
Hz4VRYNk,1
Syzl7uTC,1
GzmSvQIK,1
MpJPEuf6,1
6Rh2rBXA,1
uSZy7dzH,1
ldVSF51L,1
JUWiAvBo,1
GW9NBVLe,1
lbYa908M,1
ENQ3JaIm,1
2mtPoj17,1
moZz8SIG,1
E0heUtlN,1
dRrkWamc,1
dachOTFb,1
oHLu4cyG,1
5TYdA4Z1,1
A2aObHNh,1
ti3JWeUP,1
V4HDqrvy,1
wva36U9N,1
97yuMWFm,1
UTfZ4bdF,1
w3Y1o4Fm,1
ubFlRXms,1
mH0ek39K,1
sMnkoZEr,1
8yPARoMG,1
U35eYTNB,1
IqfPNnEl,1
oJVqhTng,1
TMkX3fAa,1
xsbP3ha7,1
RV4be0ci,1
53dU1N8Z,1
f2TsUFPm,1
csQVGz9P,1
JEUQsMVC,1
s6W7ZEA9,1
7gDnolk5,1
EjHZTx4i,1
Biq0SonX,1
3M95oKtT,1
zrigFEGj,1
F3ozE5L9,1
nEyCcg8f,1
CXGjFd7B,1
yvj8iCwp,1
2fpgxLKe,1
Eo8pUKkw,1
G9P1dCxy,1
qSMyFvba,1
97B1s054,1
ckpZlL5r,1
s7wj2eWS,1
M9Lwshc1,1
5G3ObNhi,1
dlh5PQrW,1
4SKIErio,1
RqYcsx7X,1
xsFCo7NP,1
cnU70yzL,1
Otd1zx5b,1
6SfiNbrE,1
7NmFqAo0,1
iGdIof0X,1
sP4l0U15,1
3kUFln6W,1
PAXB6cr4,1
kr0L5PQW,1
coYJXqwh,1
zlcCwhf4,1
3Xzl1hKm,1
U9tvELuz,1
EW3J2bh8,1
mrPbBqyk,1
X59s0ay2,1
GiNK6dUa,1
nXfCx25c,1
oSAfOEXc,1
gaL1AX45,1
SuLgatkf,1
IvPTRVD6,1
NP0eqKdk,1
GzeQNFmu,1
nXckxP6z,1
OMuVSEW4,1
t7KjRyhW,1
fi4He78A,1
URLMloGq,1
l5SxwFhZ,1
lM07Q5bi,1
ERT5CZ4e,1
f6JKYdHm,1
cqaEiHfd,1
nh1zeFLk,1
85mATK7g,1
XldfwGue,1
9PgKwduf,1
aEg34ioL,1
bWUVIjXR,1
ieT9zky2,1
PbKt4rfq,1
Ii5MwlKt,1
Mr9V37Tu,1
mpQaZWkr,1
ywNQ9DXF,1
diPJKhZc,1
nqAjtJiL,1
wjb1NqX0,1
rVbxm93y,1
NneiYd6F,1
TpksPejd,1
84N9WKXS,1
eLvQlm4i,1
PjZuHzT1,1
d3j4DOu6,1
B9Mn3kHg,1
ZegqjKdY,1
xzINPte6,1
PhCm0gXi,1
sNrYLBKR,1
GvKhYk1a,1
AzKMV34i,1
ycFz912K,1
TfLH4PAO,1
9umRbYfk,1
ZOsH7VbB,1
EWNarAKl,1
rJoE2dXs,1
RtYmkWXy,1
cVXf796l,1
YUghdCBA,1
P4zAgYor,1
A5nxRX30,1
ulsexgOz,1
GqAZUpEd,1
LWuwEjMJ,1
7ADeRO80,1
KUpq5XgQ,1
LNcgjqJC,1
AvRDQ6eb,1
ju8Yf5J7,1
MAf253g7,1
GkOoHSwN,1
FGh5ASLn,1
JKkQpzlf,1
IaWCbkdi,1
a6uU2e5X,1
WePLQAyE,1
q3Jg5obh,1
bSDcMRNn,1
EZNQeovT,1
TvV5WwcZ,1
qK9rihTJ,1
Ydplaiu4,1
ria1IHYJ,1
KydAg4DO,1
ZW2FnfBq,1
3why80At,1
CKrPjdsv,1
HDVIkKXp,1
2fEqN8Cp,1
wBxIdkNJ,1
HAIvwEKl,1
JfzCQxTw,1
vk8tRXBp,1
0Efjg7Do,1
ZGrzf75u,1
OVhrcolt,1
w4Yhopzm,1
mLka2tPH,1
8gvFJz4C,1
GcIYO8mJ,1
0Lgre5QT,1
SRAs1Otq,1
dZSrGIHg,1
hrbaHVNF,1
lY0suTO3,1
rBquidve,1
aS50CgBI,1
8FTx5X04,1
UNF7ePud,1
vhAnWU5D,1
8RygWQrL,1
QJqKNU4p,1
YcyDMo4j,1
qtNy6hSc,1
ChtAldpR,1
ALiI486N,1
pkvjROoL,1
2S8efId6,1
ZF7m15Ah,1
sPh3Kr5e,1
btnCk9PH,1
GCb5PMOZ,1
LUZiAgaQ,1
LWzoBbK8,1
eQoC7h6d,1
i31fXUDr,1
ByiO2wNW,1
uC94kHt8,1
tARSixUN,1
7rIM14EU,1
OcylIpUd,1
LIlQOvNZ,1
Mol4TkDn,1
8EcNBYo4,1
cGKVu9kL,1
72nFgZTy,1
WEGi7MAI,1
78ZqRnjP,1
UT9hc5Fz,1
GwqogABp,1
wvEVB7c2,1
5F9HGLk1,1
p37lrH0F,1
szj7GXBd,1
FA3UxGCO,1
GowPveu2,1
eOxUHGXr,1
BacTsdpr,1
NLrZwfK7,1
07JgRfux,1
CJ4qKlEW,1
RdEbV9lM,1
KTwdoj61,1
mc7W9gRk,1
WNzue8s0,1
0Xwn2MLF,1
39XlKZp0,1
ufYde5CI,1
yFfCXuaM,1
udcfLBkg,1
zuNA1VeI,1
12w0F8tY,1
wkIp7CYq,1
zBc0eQWE,1
zAILEs3C,1
N6pEYuwz,1
Jcw4lFW7,1
MqcJzNoA,1
XLsZMGcA,1
W45ukH70,1
SdBWbuMw,1
k2ifFIhX,1
PfZTJOIp,1
1JXs4Gw7,1
AdOsh3nF,1
zBvXTRrK,1
e1xgVDMP,1
nKrz0Okl,1
IGQpsdvT,1
2uxyCIli,1
is6lrKCX,1
GmoUFIuz,1
sTSxMV41,1
m1ZlFRqn,1
5dDVX8R4,1
d2jMKUe1,1
MR1IDzC0,1
kNhO80Qw,1
rC7HvaRz,1
0YVFBKqP,1
ANRgWbj2,1
5c9hd3s4,1
sgM8rGZ6,1
zETj7mWi,1
Cr4sf2cj,1
I9beUqLX,1
ydQhOoNK,1
TxkRKPuo,1
kbmc9Htv,1
XPIUt1h5,1
Z7gw24yG,1
0cG6NbtS,1
bKRPZhs9,1
QlBofNZX,1
B4VhrIbi,1
ViRBgSrJ,1
CyZOPoWH,1
8iFezajX,1
4UzBeYHu,1
hdVPFLYE,1
ApOZUiNF,1
IWruX9Nd,1
NZQCO67w,1
GV2Qpozs,1
1NsXiMH7,1
6FAuwxcz,1
wqplSxvU,1
ty1JeWC7,1
ViFYZyXI,1
x6Kiskp8,1
CyxZqr4F,1
gJC1nqNW,1
DOulAay0,1
hkvtbjSP,1
jkXY4Z5E,1
82A0NgVL,1
8QwTsEGV,1
Nv7rZGRF,1
BrXaWyl0,1
La2bkrcY,1
0XIgtJQT,1
qXJp5mih,1
LSsBj92v,1
tV3E9lGm,1
NVL0vQ58,1
IaXshElU,1
jlcQu84S,1
8Oez2dSx,1
7I9ZQFXl,1
1k5FYb9o,1
60z5ybjU,1
0NbcE8yf,1
AyiZn5U7,1
9yAbajlL,1
V3eykdZb,1
DhV9txXu,1
um0GO81Z,1
JVjPc7A3,1
HCVlkASa,1
2gmaIEoD,1
kaXoWLbQ,1
dwKGgcRH,1
FoM3nzGX,1
kdXflxeW,1
x2H5Dnh9,1
VranMdFk,1
63xQtCU4,1
ZLGDET07,1
Y8Lh6zMs,1
DJVkmlzC,1
P3ZMyUAi,1
reCNqWDK,1
6qI3lxr1,1
NYTX59EU,1
N9Xt0JkY,1
579zny8o,1
etJObx15,1
9w1SxQhy,1
68foCvm9,1
b1O7Z8yR,1
zVoFY7b1,1
dvsbSX3Y,1
IcwitYAo,1
B5UJxTb2,1
tPraszCn,1
phQXcHPA,1
elKpiqzE,1
f0F4bY17,1
laH2C36W,1
VIJwaBt7,1
mLFjNwxo,1
x34dPXeO,1
YIpVzWXd,1
LrSN4Zi0,1
VyJjOERL,1
TK0aoVgt,1
aUKzNcnM,1
ovVGB6kZ,1
Fhw0gILd,1
sUHIr2PW,1
4pSc9Uu8,1
3gF96Ne0,1
OvV3lcSI,1
STnzLRg5,1
obUz42wj,1
7xVSLZnj,1
5r91gADE,1
4uja7YiC,1
SJiWpvED,1
Ilb4j1pQ,1
PU79145Z,1
nH8ZhOSP,1
v6YslLWd,1
ZCJlFyGB,1
KMyI9JcE,1
W53RIPEC,1
IPsgWCKE,1
ZvE3w7HU,1
c0ELmjg6,1
qeJHgtVm,1
EKqQxRDz,1
qNBVWoIt,1
YRqu8tHU,1
TkdOW2XY,1
pLo80Wwr,1
RAOQSiP0,1
femaZYtR,1
W8SdpnvO,1
QUxOnMCI,1
FRgUKqta,1
roQM0jXB,1
AqP1phkz,1
bavoty7L,1
gwhfGxzb,1
6CGdmwQn,1
fcv6obuK,1
gC6r1BEn,1
VQRbpNlW,1
kpMPfmj6,1
XscWO5xk,1
WAJ36I84,1
NE6rv2za,1
5U7e0ksJ,1
I7CHvRN4,1
n3MXpdBG,1
eUHI1aGv,1
gCdwsM3R,1
5AUJneba,1
A3PLdB0c,1
18BdOTEi,1
qEGDfQuB,1
4fLkA0QS,1
03DVBfql,1
6q2hpPmV,1
k2fpZY1H,1
ontXY41H,1
b1xl2AND,1
jCchRuiU,1
lH5n4Y2e,1
dZrYb0el,1
zgSqm6f2,1
UV36ui8j,1
jRIYWb8q,1
KUQ9EZeg,1
pxSJ8ICj,1
GHRyXWQZ,1
zJKxrbNE,1
3IfzCuHr,1
QnUjJr2e,1
FdmnKOA8,1
08OrmI1Q,1
L8am7ejx,1
bc6MTfX1,1
9qISsbzr,1
RFSqdUcA,1
jSQLsJnT,1
qhF5EmKZ,1
fLFobn06,1
MbOR4N3K,1
xciZ681u,1
hOQeHB9D,1
aE74Gi2f,1
LKk8NQf9,1
NcYswizB,1
tZiFbBfH,1
BhFpkdH0,1
glx1PduJ,1
kAmULZSE,1
1uEdfAaT,1
4xZ8tQOd,1
QVPUAFun,1
TkOdgvHL,1
6oXifkRG,1
6FydXc3v,1
fSlH8UNj,1
ZfroxsE3,1
ixknOf1K,1
wSWyxBoM,1
vouMP6Yi,1
JCi6qHuv,1
9JTKRoCS,1
FJvwbKyg,1
kC6P4V5M,1
LxtdDhY0,1
2s6KIrlf,1
7ZUbndoG,1
JNrUywT5,1
AmI3vE0d,1
WKYthbwp,1
LV7Sziha,1
VTurol4b,1
Y4IMbkr5,1
yAh37sOH,1
qvpeyOVW,1
VIvZTlew,1
UCqPgZ4I,1
LzI1pqYC,1
IHOTmL0B,1
x5NbPc2s,1
5ZN1MAf8,1
WAKVGaZT,1
h7KkazmZ,1
iMdGReuy,1
AFUMQ4CS,1
AbfM5RQa,1
74fQPOvM,1
SDo6N3Gj,1
Ngh3JVcD,1
N3scrkWR,1
yf97z1RO,1
qicX82Dp,1
CHLrJ7yI,1
oJyqI08M,1
WVMw0TsI,1
JoWpBIbE,1
i9fjkbOq,1
9cZTVfKb,1
slO7vazk,1
5XMLAxKf,1
E7zPYkVB,1
bAaVK3ny,1
Lx9Zq6BF,1
RvFju5Pq,1
hYBpZuzG,1
K43w917V,1
ori0x2HJ,1
E4WY6Vfo,1
DJ9phkx7,1
aLGK5vsF,1
XQtzSy9A,1
nQ6MYyoe,1
ue2jqnt1,1
3oWL5t8d,1
rgA71M3N,1
dO3RvVeI,1
iGuq0kh4,1
Ymc5ase0,1
1LqFfuM9,1
YOP5igMD,1
gE7UF1f9,1
2zbrIT4D,1
h3YgolXV,1
yGui761E,1
PZ9aFcOD,1
EPhoMe41,1
qAmTGKIJ,1
Cf2oSwJ3,1
aOhLfikg,1
sQyk5D01,1
o8RnMe73,1
9bZoJviF,1
cUZ86JiQ,1
3u6wqSWZ,1
r1gzAFW7,1
IprzjC6q,1
RQc8bOqe,1
jnUx56Xg,1
PgJLevs1,1
nSG5B4je,1
wvnzi4PV,1
R5UJrqSo,1
46gfzco1,1
wtCrVheY,1
gIB47alr,1
j8IWP2Q5,1
Zi6vPEfD,1
wqtoGicn,1
vRh20KtB,1
wR73YGz8,1
iqatgKOB,1
eBCHEIQ1,1
7pCu3HvM,1
BGaWNiju,1
oFPUnacC,1
vkhZPb1T,1
Ct8nIiog,1
xF5zHVaY,1
yCj81TIi,1
n5vOikfF,1
5pIwWEPK,1
jhlvxUmS,1
t3m4AuaK,1
xZma1zO7,1
nd0oRuAX,1
1ioGnLMI,1
XsF2qi0m,1
jJWVuQHM,1
sLmfjW4l,1
FrnpWyv7,1
Dwn0x31W,1
sk6ral2h,1
qb1GV7zw,1
L2lYouJm,1
nRbOAHWx,1
aV8PYBpv,1
6xXrJ7nM,1
kOVzph8Z,1
rQ5uvp0L,1
ZXmuq62t,1
Tr9AKgwM,1
axKqc2EW,1
RW1qlrpJ,1
qpi4Ryfa,1
Wa2RYLK5,1
B6CqZJN8,1
qPhMTrCn,1
5jteG01d,1
ko1S5i0N,1
kXzhUneE,1
ZRxyaKp6,1
hXV9Tq6S,1
AYFCDKJS,1
zIQduZK8,1
4jx7YvSg,1
Ein0mtjI,1
DgJ8ubF3,1
Qu8H5gla,1
AoEzVHj5,1
0iMQBeOa,1
fBt45ACw,1
F9ImJqCa,1
uSwnReax,1
xuWERhAe,1
Bd7msfPJ,1
AauRxS1z,1
0MliUjqg,1
WUDXwQeu,1
k6pFvs8E,1
f5hQVU2t,1
0TdIpmW9,1
SGJ8s9B7,1
I0aNgoL4,1
jc5R4YMP,1
al0LHmJo,1
y0tpFgnq,1
eVsihzlg,1
1teowYHQ,1
SUA5DwTp,1
eQLD8G0s,1
L3vGX5nc,1
nRwqkAtE,1
0NCYzBgL,1
gr0U498S,1
UEmpNkyD,1
7CjF1Arb,1
3SpUaPAH,1
vj86bif0,1
gyc3BJXM,1
Y2EKvBrQ,1
vWIQc5Gr,1
8qKhk39D,1
Ho3Mxc4D,1
Zbs98UKr,1
dS04Pfga,1
8SaER3Tt,1
UD3ZAvbn,1
wk0XFDHy,1
3QF49aNK,1
5GyjLenW,1
sIG5oEQm,1
u0NFU5EH,1
BHxdR4lp,1
oM2f6ZE8,1
VMDkhAuC,1
iLIwotzO,1
q3fcWia9,1
kHdtr5sh,1
EmpZYJj6,1
jDnOvrmI,1
sLSr6NH7,1
TX7w3DLJ,1
U4bI2C8O,1
ZQoFwSbf,1
hBZk84sV,1
FG9mv1wb,1
r3EUJe5w,1
qayWANdg,1
Nr3IcLo4,1
IM8BrcbD,1
dzVnDAE5,1
2XCxbuyQ,1
8oXDxKhJ,1
jZli36QG,1
A9PoLpUH,1
JESjNWUO,1
PtNnYld8,1
KJAbG0sd,1
Lu06Fo5N,1
smNt1nvS,1
BNzOGp3P,1
n2T653mi,1
6ZHB0VjO,1
ErX1Y6ax,1
t1dlHaPK,1
KamNMP9r,1
0RPWnJZc,1
wzj3o6C8,1
cfTMjbBk,1
9dNlFCm3,1
MHFhk5w8,1
5o9bMLEI,1
gXw0J45j,1
mKhelST1,1
OdVk8SPj,1
qGan1pEy,1
4Vb2FE5l,1
HSAr32F7,1
ydRXx49H,1
ziU7cFOu,1
HYsgocWQ,1
kqHsuFpN,1
DnLmt5e6,1
yhvmNtuk,1
okBZUvdY,1
L6x21syp,1
1UlyfuI7,1
qOFadb6S,1
s9lvjDaU,1
gNFqCSE1,1
MREQA5hj,1
1JQ8u6Lj,1
MeQ9vnhu,1
297qU3Kl,1
ihjZ9C1I,1
Kh3cAaqR,1
Vlm5IBEQ,1
2ba4pvec,1
Icy4S72s,1
KGjhAnl8,1
NIWQe96q,1
Jb2sc5uo,1
bncEkHKT,1
v0dZ5am8,1
eGIEJFcR,1
yu15hbrA,1
xiG76nkz,1
gVmH1iMK,1
01nUuQaf,1
8BDGt4Kz,1
TFHGKOSJ,1
XI4hnEAi,1
65QVMZda,1
VKUfDdek,1
dAVGU9cL,1
6bqBE5HK,1
IMnJ0mRV,1
EeUlhmxS,1
xPDjiTAq,1
FXaywRiM,1
hV3wfKJm,1
SvZ6FIqW,1
UexgcfXy,1
K2OcqBil,1
YniGgODy,1
xurgIDcF,1
alxjqnUN,1
YLD3olq9,1
Zu1widFW,1
aCsgVOR7,1
GmyOQpLu,1
McABoCxY,1
TRfljA1c,1
Zd85TJpK,1
vzCVbdQj,1
7JayBCzF,1
N2lDUB7M,1
VjMUoEZf,1
a30f2FlR,1
uUxz6h15,1
EeiMAPs2,1
vA7qXk4E,1
Z4EMVtTq,1
SlUcHZKF,1
9gkfFZhj,1
kQbTRCI8,1
tjV0FCWL,1
c2wyjbrE,1
MznwVhxZ,1
eZ0CyWRq,1
SKXwdMuI,1
VG2uHk7D,1
iARTclSz,1
jfmMgpW6,1
IJ0e4rVs,1
6Ow1FP2J,1
Yt3XJ1Sq,1
INnLsO8J,1
naLdj2g3,1
aOU04IDy,1
zs1iUCjr,1
IkOaP1Sg,1
x8Hq0BKb,1
Y2RKghE3,1
n1jNp9Q8,1
EzGZUWMS,1
DelMrPU8,1
UlPDnCM6,1
DkUnBlwV,1
zUtbFNan,1
oqg10SZm,1
nTl6kZFt,1
ofsDpN8U,1
D341ai92,1
Si0gQVqC,1
g9d15czM,1
EblVp51t,1
dlyjADTo,1
eFHIhBE9,1
Nl6HrI9o,1
AZcmWv92,1
2bkSotRg,1
SvhCl2yZ,1
hryNBjCT,1
59PITorq,1
z7GWKLNA,1
27KzuYO1,1
MCNfHU8R,1
hHfsUzak,1
zMpoLY3s,1
1B9TsrNf,1
zQKtsZgX,1
5MmCrPiQ,1
qAuxKrXY,1
UrnscA5C,1
xckm45UM,1
aMLjEGDi,1
tGivXycL,1
kDyhd1Wn,1
5XsOpQjZ,1
TvXyen0c,1
efASkQx4,1
NCpf9w8G,1
9yJUi0bo,1
9VNrJ6GK,1
TEe9ovUc,1
iFgVzmX1,1
Q70E85Pr,1
vYtyiJXs,1
aBEwemqF,1
mGTfFonq,1
Mvi4VtNe,1
RHYo59z0,1
cbKIQuXZ,1
IYvVyMOo,1
FiYU7NOG,1
LX9q0yfp,1
DoKS5UZ0,1
5KZ04cLM,1
JKo3ckBt,1
OtigsPwy,1
4eIao3lR,1
FnroNZXq,1
xGDT5iMw,1
e9TBF2lw,1
RaoWj0hP,1
YxLW9QvH,1
HJXSiC2p,1
8lNy1J5G,1
Tz9og2E4,1
zKkeaX81,1
28XUdQu3,1
mYpHustG,1
ALfklQhW,1
EtkgOZj6,1
Ki7rWg0V,1
CUbSvudx,1
LbIa6zpc,1
TW4roqQO,1
qVa97FoP,1
XVdSJACI,1
q2uIjwF8,1
muqR6v3P,1
bx09LMNP,1
wkfBin2y,1
81utqCQS,1
wbXgEKzV,1
ALFN6R1k,1
4HDiEl35,1
upgwF1BT,1
RzMLkIFw,1
OfQHJ51r,1
MLOl8Jrf,1
MjuIOkWG,1
oO09Ieh3,1
yYdH356U,1
soTrj4eN,1
jMbC78tD,1
YaWqrzAZ,1
JLAGKrDo,1
L6eZqAnV,1
EcDQjXH1,1
tBYDfemx,1
FCqIfx6g,1
kI1nRv3C,1
y53YSpWq,1
LXyYmg60,1
8okEjxm1,1
1KxYqRv3,1
ftqbkSI9,1
7xvYKCfo,1
PKmVdMC4,1
sKqCUkGe,1
6nuiyI9o,1
lNGFKvDc,1
TXpZ9xVA,1
1SP6NXHl,1
1Z2OM5u3,1
aXjGzYr2,1
NhsAtF4R,1
MH3Dht8N,1
tgDRQMO1,1
eIFy95k7,1
fAxzbv9X,1
1QcS3PF5,1
3Z2PJqu0,1
fM364mk2,1
3ykWPfRT,1
JeItzn5S,1
ylubjnNH,1
nhmkBYgP,1
20ORFscx,1
iy0YoKjb,1
NQWKe7yo,1
aqVhd1z5,1
wgerAdYT,1
BL7s1f69,1
COA20HgP,1
zgAKOjfo,1
Hrv8aADQ,1
gDuHJU7i,1
vpR9TGxO,1
lQWAzxHI,1
SpCPhkOT,1
PZR7t2nv,1
z6hrUBHP,1
lbNpfVTP,1
RDHYh5KA,1
3q8nOUMS,1
6DTFNKAd,1
bxCuJz28,1
ljUp61Qy,1
FfHOiZGU,1
ajnrUOFX,1
gwyZEvqx,1
qSynV05L,1
z6qLSeCy,1
wQVbd360,1
FUsKNL0X,1
hWOR67IM,1
DCu5rfWy,1
P3s9pDaw,1
HgjF8InJ,1
y5jWI0Zr,1
vTC0M8LR,1
aXusVfDE,1
n1wFrNu8,1
SlPohs8C,1
TxaI1MhZ,1
tnmOqTj6,1
5XT7hvcF,1
UEPLBVku,1
RYUASefq,1
o3pmlfzw,1
6Kswl0hI,1
V2sECApm,1
lhC9x7sP,1
9n8iKdoU,1
bFPcYWw6,1
xrLohvWl,1
qjCXzJTS,1
eQkS6grG,1
S7TLtJ0m,1
8P3JwMur,1
W8tf9kJs,1
EwW9bnTF,1
NelWo0KQ,1
aripbTGA,1
5TFCAmy0,1
tswSBXp2,1
3ajcCri6,1
XjkbfwGH,1
EtldYFyu,1
phK6A3xU,1
xvPriEph,1
Ck2oQfe9,1
vrNxRISF,1
vEtJ8yRC,1
T9j1OhHF,1
dFtDk06x,1
aAFiQsvw,1
7i01WcsN,1
a9AWGetN,1
wmPKFEWO,1
3JiGvDN4,1
Xr4idK9e,1
PM20B8ie,1
sX6IEw7D,1
nwRvDge4,1
rA3nahjm,1
Fqj3mHQy,1
mGJWiIeH,1
0SujTs9K,1
E78utgP6,1
WLCQfNRT,1
qxe2fd7V,1
6Q1sSUH2,1
T6vUfsh9,1
ycWL9D1v,1
z8kR5OD6,1
iRAGHoPW,1
W5A83dgX,1
5jbHYmKV,1
fqO7SxJK,1
3HLcQJKM,1
nJPLqtzg,1
NFLm9h3Q,1
ENbsZUQx,1
jpa61O03,1
Z5LJE647,1
KzL6ZvRr,1
R9g0p1Mf,1
XgnEGbJ8,1
30dN692V,1
grRKINlc,1
iMvZDrNw,1
ro7Kpke4,1
kdC7INv8,1
YVTqHeRn,1
w9kXs6mC,1
wj0bRzoF,1
AyjCnGD4,1
riasMc2E,1
MJuGOEYh,1
e6hJcXg2,1
tP69qGL0,1
nK3PothR,1
NcQ627qY,1
xyqQNREz,1
w8yS09pi,1
e70ksmNS,1
ZLdCytYe,1
4rQICLTG,1
102rTcHk,1
x6UuyOpW,1
ShroYu6g,1
CdY5qRMK,1
xRG1mjPW,1
pG9ObDXu,1
WilQHXon,1
LWZBJvfj,1
YZzNaWEs,1
VWSf4PEK,1
AoNBaLJ3,1
64yOWPrm,1
JV5NmhBr,1
kxMjFhN1,1
gk3sU1wx,1
WAaP8qiB,1
zlA5gBCi,1
ZBcrkUut,1
jrTxtWVP,1
lTINxAto,1
RnQkyESG,1
l3wcpGOZ,1
ow7IZCFY,1
3Zso4m7S,1
dNxkTAaC,1
rOVpnhvy,1
ZKCnMsb1,1
AamE3Cjl,1
SeArGf2v,1
m1pNSBiO,1
De86Njml,1
WDVYQTrE,1
ABRsGmQV,1
Vp18esIw,1
egwVdX2f,1
WyUkGaFr,1
WBkYy9zV,1
q0gbeyui,1
FvR2L1eY,1
MReSwr1y,1
LUiqk8Bx,1
7kYqlNDw,1
lH1pMaWr,1
I4mAoPFJ,1
ZN4xIGla,1
1jTMIhVR,1
m4LES3xN,1
bj1pRlA5,1
DMZCTovS,1
UchaiX7Z,1
x62pRtjs,1
9iWwTOas,1
bgoUL0YR,1
J7PLOkeg,1
iCQTg9un,1
WdmLDtXq,1
aBjm1ieh,1
Y1hJkV0v,1
gHriZ2ln,1
gWA3v9zZ,1
mCSBAxE7,1
BZND9pxH,1
WQCVZYRI,1
ahQ8kqGj,1
cpUKhqmV,1
62yzLRQg,1
bct4uPkC,1
Y95EiIUO,1
gZT2RWMV,1
rLQmphTY,1
8PAcJ5Wd,1
dGEkHvz2,1
hpbeZwL8,1
X0N4TvOH,1
WhwUM4Pz,1
zfT14CKt,1
hTy1BVXW,1
GuyN3Qaj,1
FVMLTXAt,1
CtgaDZnm,1
hD3EnbC1,1
bs2EntN0,1
1pQwNBzF,1
NCe8Oc94,1
EOdVMBka,1
0ShjkLA4,1
4kTxo1Yt,1
u4x5QMrA,1
ULawI1bh,1
fbRqynk0,1
t9BPr8N2,1
CpKHGsSj,1
VUsdgACn,1
iL68MRTp,1
rMJdjoam,1
o2lVceBd,1
VNBi5D48,1
aS02OvjT,1
kJLDGPEB,1
xm6gBhTe,1
EnlLSfqN,1
ey3LYNlu,1
jZqADeM0,1
39hKAugR,1
w7NqQCm9,1
RXvWsEq9,1
O8rcgi4u,1
nPOuKNWw,1
8gJd4rws,1
DTU6asHw,1
xSRA8GtP,1
wXfOU3du,1
3p0szqIP,1
Vlr1FZiM,1
hqQ08CVp,1
2KB5TopY,1
EiHXmfud,1
w1V7JHKS,1
i3PvKo7q,1
bdIgkpaL,1
zDUu50rL,1
G7mSOtEH,1
S6jV3ElK,1
LSKjICDY,1
Ycwl4yqa,1
wKZO2J0l,1
iEuzAUQc,1
02l3WRi5,1
Ic5dVPTA,1
eCEszgxb,1
YVXnDz45,1
086IDRtP,1
EGvSJAiD,1
bgyQW8k7,1
IAlJF8Gi,1
BVoHqA51,1
fgmr9RNK,1
b28XsGFU,1
sf3yIl80,1
Bs5k0nzb,1
U9Y5ONox,1
3sR4fhrL,1
2dyAnWZE,1
qJNcBwpa,1
w14IO83g,1
J8n6cVTR,1
BVrb3Tj5,1
oAmuKYkF,1
BqLlRaE1,1
HIC3zuwl,1
OUyG4qQI,1
H9OzoQdC,1
lPT4do69,1
0HewMxNq,1
ghk1BWIz,1
aGnIH6Xl,1
BOYiSMxK,1
QwFVdv3S,1
kaW0BoFx,1
jILQ9v5O,1
74lCGt3f,1
xo0OIfwm,1
ojy3ZN4i,1
3LkjtQbN,1
jd6rkU3c,1
YZX0F5Pn,1
48WFwshz,1
bnOB1lpP,1
6GL0tXHc,1
3t5QSCJe,1
uoC5x0VY,1
YUbeyw4X,1
9Z7nriTx,1
vl6LfXmM,1
p3BG9yM2,1
0cmqEHYD,1
zopr21b8,1
LrKmWyfN,1
AhbXWmyS,1
GKLdR4N0,1
ilebIOHc,1
t5K4WDbZ,1
XzG4YfPg,1
V1NE39je,1
eIRybu4Z,1
EoIpLeth,1
hpBQw7G1,1
et5DHJdX,1
UwRjsnPc,1
2GyAIORX,1
VsneJMhY,1
8qonYkhX,1
Wcd2o8ki,1
49lgOLpQ,1
CugQqaki,1
XFu3Oi5g,1
7OGXA2UE,1
VSy0EzHj,1
mrYBvHZS,1
KAYfpXvO,1
uYhKJl4G,1
z9ipN0U5,1
oHKaGEdY,1
80Sh7Dzi,1
ZI0Lmue7,1
B0pqYgfT,1
8iZ2jhVb,1
gKI5f4mt,1
saNkVbqm,1
VuqoLk2D,1
lIu0qrLG,1
IOWzTEZl,1
IsAJNg3p,1
kZCeNiM8,1
83tLjXSd,1
8BSwMnbu,1
D9LtNCOP,1
CK4PIZhi,1
vXLQjPY8,1
snCaAILi,1
YLtOy6hD,1
TibrOIR4,1
Y7PKHbyS,1
FTWghSZe,1
98WhwZGl,1
SUMqkz9J,1
71kCzedn,1
MjSpvABU,1
6LXwKt7v,1
MtomL53u,1
gGXx6vzZ,1
EWzFPJl4,1
bUkIXag3,1
LpAl7I3h,1
TSsDv9jq,1
BW47H8zY,1
OHpLvzaK,1
C7VHluMI,1
X9bU6rEZ,1
LalknmSD,1
CtPyiWMQ,1
TIzX97hU,1
wTvYqPKE,1
MBKqglud,1
4kgdjVpy,1
FD3urvbz,1
RKpxgdU9,1
bmh5O3U4,1
KZSPcDxX,1
yp5cUfs0,1
EaJFY6AZ,1
1pCPezlM,1
rev5ZtgS,1
ajTv5gup,1
UgL3kl1s,1
nBLI2k9v,1
CD9oiVac,1
ouBZdzkG,1
xYiP2gHf,1
irGzfP2Q,1
reJgXEHa,1
s5XayKqE,1
LqJ54aZr,1
WU9SAnpw,1
9nPMR4Da,1
OcpWPN8a,1
V6pK98JX,1
HlnYaJ7f,1
DJwjveOM,1
FQhJ6Zxk,1
SBnFy7vr,1
rOQcHSWU,1
m6TJ5Eot,1
CRNXMqZ1,1
g0AwHQWi,1
d27GuHEC,1
Iz5PfUCA,1
AarxT82v,1
Nn2EwfIp,1
BVHPWjgT,1
WfnBgosS,1
wocCVYFb,1
3KgwqCkD,1
aHlb2TRk,1
oC9Na24R,1
1B0ftT8P,1
394GQCn0,1
sePAl83H,1
SusnTVMe,1
MuaDOo9n,1
Bb9CsVvm,1
dSZvhUXW,1
LUjsf4P8,1
0r2V3ni8,1
FN36fVPw,1
JMB0T1np,1
EXRqpywG,1
6MiH7j5V,1
l0OzVRmM,1
a4XwR7Or,1
Yc2bW6HV,1
8UOlhTCI,1
GBJWkRxA,1
qJTk2ndf,1
ZWvM91UK,1
xz3E9M6u,1
98P3M2RD,1
aRXPq3DK,1
LleCtxho,1
VMFRSOnA,1
1tHR2Eay,1
4wzoLanj,1
6XaiWyRg,1
XkzaWw8g,1
zcC1VpJH,1
ItAX9asi,1
g6UkQMwa,1
iUAHN5W2,1
1sUeKtNZ,1
PUytm5EW,1
CsiPNo3u,1
BmJAf6QF,1
3njo8rzX,1
CLE0IwfU,1
hYCLHqMX,1
QhYHny3r,1
cBo5xfza,1
zhDjuHrd,1
xTXKuAFP,1
UWFQVORy,1
SIWnNodh,1
GEa3NiQS,1
5ZsUE7BA,1
ciwEvdQT,1
cUm23QLd,1
0KbZJFUC,1
K25pSv8V,1
suvDhgOa,1
vkt5jH2W,1
c6p90dtY,1
3bRIuwts,1
QoRm0hCS,1
WFB0fnKL,1
9daT4OW2,1
zyWSPEZo,1
0Kl8b4nJ,1
yIVRfx6c,1
LcamVruw,1
ijrHu0JD,1
s7idqSlQ,1
SoBq0yG6,1
mtSuAhvx,1
nkjdCL67,1
GcCdm0WP,1
vZteH4ju,1
BSkhlHrY,1
xwstPFH7,1
0QOxztgM,1
zpACIqgY,1
VmoTb6Cf,1
wiWKMFcD,1
cHbWY30q,1
8mDZxP2H,1
XpIzwg4m,1
BURDm6oC,1
ltQVNrTA,1
yxoeH0v9,1
uFZHVtn9,1
lg1niWPr,1
bf7N6rca,1
O0P4xgJm,1
jmNcZloY,1
Jm6P0uiI,1
ZIFHR4fm,1
ORIiMkcn,1
Cwmq5KLM,1
VMTv12WY,1
vpmbD78z,1
6xbWGr8Q,1
fm8TRzjD,1
JUzk1e6W,1
Kamf7zTX,1
CtgIuBME,1
dqOuIBiH,1
1wMD3ZNF,1
om0sGEU9,1
ufKSWiX9,1
qDsE4yhl,1
DBjNLWSk,1
rG7wyYjm,1
TQnpR0Sd,1
4jofAS9C,1
R6QxvyAT,1
dYwKPzA9,1
HfygzO1Y,1
vZMeCr95,1
l4Nnd7DS,1
9SaVcEfu,1
iBGn8JlH,1
faNnpitw,1
mGe01pIK,1
DIc1Oj3s,1
LCxk1fsN,1
12GyVksT,1
eSGOvmYo,1
guNchK5U,1
adLuCA0o,1
lR7YVake,1
f0bQwvNr,1
BifLnb8W,1
OoZybcPk,1
uLJ7V0qp,1
h7cMQ5O8,1
eLkQR15w,1
j7S0JbfE,1
LNiXVkK8,1
SU3DT7K0,1
C2R3FD6c,1
4Dloe7Uh,1
MQ4mGvAL,1
8gsF3EO2,1
t7dwlXuY,1
3CJvXApY,1
KUZ5eg8k,1
h8YaofSF,1
JoIchLn7,1
y7R4f5AC,1
ipFGy0Ig,1
CPbGnlJE,1
Q5c2MKhY,1
Krz1SMxT,1
jGcpNFPH,1
jIV84NUK,1
GP27Rhuj,1
IkU1buv7,1
BcuZ3zmG,1
cme89LB3,1
V3FIOfY7,1
8TrDIcOh,1
JVOLMKy1,1
Ii6FS0Xz,1
ECWnkAH3,1
DmOLiXyG,1
6HQXAiM9,1
LSO5ZlJu,1
FIEXfgSn,1
1BvNJAor,1
kOYqy6I9,1
4zxVpano,1
M5ZSCqkm,1
eOrvQSIF,1
45ALwR1S,1
LQ0kxrY2,1
TnXDxZUF,1
7W9d5TCw,1
MCslgXJZ,1
1b4ljGv5,1
Yhvqs7Qt,1
LwxgjsI9,1
4quAItpb,1
QmpjPVBh,1
TLtkvKxJ,1
j957bPXm,1
kpGtO6yS,1
bIu3TPHk,1
aj9QAvVY,1
KONcaxXB,1
sj9Ir7kW,1
1TM4Fg7x,1
5ThL1uU8,1
v2REaNQs,1
a0WBp2P4,1
HYUo4cqI,1
dTYfys2Z,1
RGlHun0a,1
7WZDXEnN,1
MHKomjrE,1
rxQRfXO4,1
3CVz18nE,1
liprOYun,1
JipmAay7,1
d2QGE8oq,1
mTDR2pAI,1
BwmTvFXL,1
naqAyocG,1
pRnoKy7F,1
JOySB8Qo,1
s3a6gMS8,1
5xC6ZElm,1
y6M9DtjZ,1
8AhlM2UP,1
qx1ZaphM,1
mA1qZ7hz,1
ERVsK0GL,1
rdeTbkxA,1
QE3wlM1t,1
kYfK7G3I,1
houYHIJ0,1
nsZXVWrz,1
9iysWl3d,1
UMWRbX4x,1
j09u8E5Y,1
N1f0uQeF,1
6RxC2vB4,1
kZFO2Srs,1
WTbD1Fej,1
ohD2RC0k,1
Qbz7cLGq,1
ENfTPQXp,1
gp4q0oy9,1
7tfU1q3s,1
Bme6F0Gs,1
Zi0LFrn6,1
icewBNDH,1
sS3m2deN,1
wSHzW1A4,1
zqlv3PWZ,1
XyBbPaeS,1
xqDlF3IE,1
kIJCabAV,1
PRFZWhc4,1
Kwz7FYlI,1
aUd4xD7L,1
9yaeBWov,1
TtgYunbQ,1
JyMAqzQk,1
opUzcnve,1
ZOmtoCkf,1
X2nmaK9Q,1
DkJcef7s,1
i4MLNwmu,1
LnAbHJUr,1
ShYFdcWw,1
vBsyiaKp,1
NqkpwLUK,1
FZV9NUKq,1
uzhLJqUr,1
JVTbOucY,1
4lK1ynIm,1
VrfA6amc,1
qpgu8bhN,1
kqtK1D9y,1
WfG2eEFc,1
X31NIB9h,1
6JId8B1L,1
brlNnIJ2,1
cPLD2m8B,1
7h1R4MdW,1
9pBiCOUE,1
GRtcBqns,1
OTqyX2Yg,1
tIjogrCG,1
f9ldJua0,1
WV7ox2H0,1
4r2RBOVx,1
35sUXSNH,1
AtcqmEDn,1
c8EwrKb6,1
h6L0yEFf,1
DEMJ4X1f,1
2JIyHuds,1
T4AJEfDK,1
BCiKLSZU,1
1JvWOkhQ,1
ArzC8PQp,1
NkjVHU1I,1
HrWZNUnj,1
FfshebaU,1
9zEA1Ljf,1
Emhau2xO,1
GDZkL8Cy,1
N69RuUKz,1
TNxA3u7E,1
yYnURgZ4,1
QHMPacbg,1
u2jXlUA5,1
mv3EjdyK,1
BeaCmX9h,1
v7JhkxMj,1
b3hugkl8,1
hSzovewX,1
XIoutYEc,1
XT8HI7hG,1
RB7NomAK,1
oKW3yHP2,1
cnLolzZy,1
Z5vxjHMi,1
SbWqXaDi,1
iqH6AEPw,1
M0KxP1rp,1
NtWgiu7Q,1
1jWUPlEx,1
0pZriOzt,1
5LxjUoXw,1
UN6OFRiQ,1
9QbUkIxc,1
lxZnVymf,1
csHELWCm,1
XKjzQtOF,1
bj0THqG2,1
wgrbZonc,1
lmtQk5Ke,1
dXcGDru8,1
JcpLYglt,1
dV7MqsSK,1
MrZCq1Wz,1
yqj7hpUP,1
1YFogWkS,1
5P8dwlyf,1
m4tpCfJw,1
4M9hIUq5,1
ZGdEwUcP,1
JX9zxbrZ,1
CYEVyUp5,1
HgWSlbAj,1
KJy0lVAp,1
oWT7iUC6,1
kb2SwRPa,1
LJYPvRhI,1
761IbR0X,1
2HKJkaYt,1
4C528qKB,1
rZfzjUoR,1
15kbHNoi,1
uijna78G,1
LP4cDVze,1
czMqVoTl,1
mRZyQ6TX,1
76IDaZbt,1
BKQScEtn,1
RX2GPvYx,1
hq8t2Yxr,1
MfekumTi,1
GMCiRDWI,1
07PKkdGp,1
7qfGCtvw,1
nubUE8cM,1
3QpDm1q9,1
9HGOCiZt,1
C8kNw3lb,1
J7r1MeWf,1
RZ7zrgfU,1
o9gk57jI,1
W2GLJU4Z,1
8aiobw1P,1
ACslIShQ,1
iWAlYHoN,1
81tfXvYj,1
jc1u80yg,1
Tcqy9eIR,1
cE20NC5H,1
TqPzJxmU,1
mIFzZaOE,1
YEpejnM9,1
KNPT7rdf,1
89t25w1R,1
2Fy7XvNG,1
ZCkl3i18,1
plY4UDIO,1
dEvPcpxz,1
pud8UHcG,1
vgKw5BxZ,1
QCvoSBpR,1
JMsuL51v,1
248nZtoY,1
74893eIG,1
lnIFfYSg,1
6FIeP1lD,1
CHQ8ze3x,1
i5e0MpIF,1
kbwRQvnl,1
7m6k4Dxe,1
UCl7bK8s,1
yvhLWVwo,1
G2YetWC9,1
pUwcbQBv,1
5pP7IHWJ,1
xBR0aOgd,1
U8hfFrIb,1
zbu3I6JA,1
EJdf2DFU,1
LOQEC2VJ,1
OxAmZs2t,1
F7uajIMX,1
D07RlLn1,1
kabsxONW,1
myO63oe2,1
1l8x3LDi,1
31IjELQl,1
JyHxhcVW,1
qQA9IDeL,1
3fpFMEBm,1
jwVCaKvY,1
TCl2EIWd,1
QOl6ZYr7,1
vCf8TVql,1
NDP8xVJB,1
O5UhijtV,1
4uDIVJfb,1
3BmMZIw7,1
aSpWy1gD,1
Uh2xHBDM,1
Nr97g0o5,1
v4xka9Xs,1
rCdTzoQg,1
AxL90iEr,1
XHlyCeDY,1
bru6oAB9,1
bh3FWK9E,1
bYQwPl6e,1
lBmuvSgU,1
wL4DUQW3,1
yUTlfZsN,1
Fdr1DXv8,1
iHn8YOI7,1
BReFiIox,1
L9hdmnwt,1
xunZ0ISr,1
avVIXeiF,1
kYUfgKH3,1
DLn3ycHg,1
lCDOHYuV,1
ZW48LlmR,1
Hnly95Fi,1
UnTk0cQD,1
OEsxTYyc,1
nKbdNwq8,1
hj2ouKON,1
fQkoNJT9,1
KsWyvXTS,1
rj3yCOpX,1
zjAXYikP,1
9oVSQAsG,1
dolCfpTV,1
eEDV6KPf,1
aPm9otlM,1
JpyGPFc7,1
B8yI2dfU,1
hitvfQCw,1
ThjnfM2F,1
EDICcjG8,1
vd8yA5Ib,1
GxsP7ohM,1
kiBNQwdl,1
Uhnw3fvJ,1
mzaZeloY,1
fAQbUr3W,1
IJOvHg5V,1
SzuBnHCq,1
IZbY2i5e,1
1IAWJUfO,1
c8Pm4vr5,1
Q57AkIDR,1
xIkXvimT,1
tjZ6wu3b,1
GuOnfwTg,1
yehgvWHF,1
uQWLfSop,1
n9FJxSbm,1
mc8HgfKW,1
4KQrgWVS,1
63oRm4g7,1
xCqNY8aK,1
NQpTPWMZ,1
mw6B0vjL,1
hOsXx9L8,1
8t7DSiQY,1
Mhu32dV4,1
sIkAZpGt,1
jpATnikz,1
TBhAuCad,1
ER7alsiV,1
uA4pZBc5,1
8fVFJxhI,1
ZKxXaSCk,1
tZxLgWse,1
MoiH01ck,1
9acSXJ2H,1
lRqv7ywZ,1
lP3AQ6Fa,1
YVXNr1pF,1
7KIYWbql,1
AayKXwUZ,1
rwtD0cI4,1
BdoQkny7,1
bldS7Kg6,1
jRxCybZP,1
g8SJ0hRK,1
auP8rwWN,1
Z4sGUrlM,1
RsZxnvrq,1
qGiSw2D5,1
fAUMw1We,1
ouid0zA4,1
wIHnrmdT,1
vbFNzHte,1
f1nIEl5Z,1
f7pmGyou,1
1ZOgYrTq,1
D8qRuBFt,1
ilO4g1J9,1
iXG8vVLJ,1
PbG1nZa7,1
RI3hot42,1
KSmQPrfk,1
VGuQCTt7,1
RkxANdgl,1
BqfF80DT,1
0aId4rXj,1
jdyYPLW6,1
y7GDowup,1
3Z9gbAzK,1
usIYWOz5,1
VSftJOs9,1
j0sAdTIR,1
9GcP2oKv,1
EOCjU7oP,1
gHpueayz,1
Zy9tVqWg,1
UXWtk3g2,1
jCnxAf4m,1
VHoXBCSm,1
fPJHgEOi,1
tfXYrWRC,1
eEjcQnUV,1
pwlBLncu,1
u6pLFgxA,1
qdwDvbRH,1
OfbAEaHe,1
5FxNw29h,1
QRPDwGez,1
DOKU7wEe,1
YO8VEpoR,1
a9mRZJeO,1
JSGDXoFi,1
hwDrknf2,1
ihJlXr2C,1
mjbutsS1,1
CNkDnIH9,1
cdp9OQFD,1
sv5WP4GA,1
87JM5GYh,1
mqa9wGhj,1
6LpncJHj,1
W0KCuq3z,1
nACarBKo,1
G3AW6oMt,1
GTJiIgqj,1
DkKlb8w5,1
X0eG2KN3,1
ft7ayVCk,1
GYEziT45,1
C9Q2fxWe,1
K1N76yrz,1
0bLz8pAk,1
7KnIFqDB,1
OUHmpf1x,1
rzvj5x3c,1
OZs6H2EF,1
XkW9N3eY,1
E6C8lu9J,1
9hHprzmq,1
sMvR1a9l,1
PN379F5a,1
tChIi5aJ,1
6zSPitmF,1
sQgaULWA,1
wjNXST7d,1
ZvlASKTJ,1
nowHvuiP,1
lo1gWscS,1
MozGj4Xx,1
NMiG48ze,1
M3LhsZQk,1
hjvT7PUr,1
rTxLUHBe,1
HlpbxTqe,1
gKjlv79Z,1
T7RDjxGu,1
rZBQl03e,1
UwBycsZ6,1
28Y1RXJr,1
ShnHwOy3,1
zlR0LoMk,1
9wgEUTYL,1
iG2vjO7D,1
3X4ogbaT,1
1SfcIZgV,1
pVmJjWTc,1
aY7dyivw,1
9bro8DFH,1
TEQoyj6U,1
1w8sy7tT,1
S36WTjYu,1
Y6wvUkzF,1
zCXaHkp7,1
45VXDExS,1
buwYMvAo,1
FC3xiH8Z,1
l3E2LNJS,1
CUVYXRvI,1
t9i7hFap,1
jzl90eFn,1
1EJhgrwD,1
jFzqbIud,1
s5NzUM1G,1
R7rgbecJ,1
KeacGpOl,1
6ONoqmUW,1
WaVzUwuY,1
PEA243Jp,1
I3OrXjmy,1
m2GcSwfZ,1
ETGS4WlP,1
JWHtMGzq,1
qoCGpUWH,1
s0FKtqWZ,1
PLH0Dvd6,1
7ZFj2TOc,1
LXUzMmTc,1
UNil01xM,1
MlfUA1dE,1
dCMqnEOX,1
LNBjDhtT,1
vCjNu4S7,1
RKiBj2lp,1
7ZSimMJh,1
tsIcgh26,1
zwvuBXJ6,1
tyCKx98D,1
Gt5reUn2,1
i2JT4zaQ,1
9MLrZ7lw,1
O9kXpVmD,1
Unixm4yV,1
nmK8Qxz9,1
qApzcxfo,1
tqiDEAgJ,1
w1Nfz0AF,1
EXh2qGbU,1
lxvanW5z,1
Jjb5D3CZ,1
G7HegRcm,1
FH3ZRsEX,1
U3T01hNH,1
64ZqKX3A,1
YetIlFbA,1
tiO3sYwK,1
XCzqKlIj,1
nME9zby5,1
VpTUCgRl,1
EefDpxbG,1
Da4XIfPc,1
SVxFlCjp,1
8wXBgFz9,1
nN3GQ4qk,1
oXvQK4ij,1
47ugfVSB,1
nVJpFLce,1
SudOJ25B,1
o4wPj1Ea,1
ZCbu7ULD,1
0JHmexwt,1
vEGCUKay,1
dKc3tasP,1
rZjDJCx5,1
gPZRknjb,1
f1OaH4M6,1
ecIGOqv3,1
pkNUzfQR,1
B25sc0VY,1
byuQ5dBa,1
nkvecaTJ,1
v73DEXLR,1
V8Ue14tv,1
ToL1v6pF,1
6Q1vBdFa,1
s6UA85Q7,1
DsMpY0cB,1
SElBDktK,1
8M53z0oE,1
KVBM5fqT,1
xWw56OB8,1
o91VzWfp,1
MB5tzTQq,1
KlWfZwTk,1
OyXcfH7J,1
vPreMz5w,1
z0ub9FyX,1
RbEAPoY9,1
ywLsTgtz,1
5uOL8CVd,1
vGbM0kwx,1
t45DiCQO,1
xN6nliMj,1
BzUcapub,1
1qjcNfT6,1
BV0JdOcK,1
Z0ehtXsz,1
DvJXBPmp,1
B5sY6qrP,1
e2CUz4nt,1
RwLKhngB,1
73ztVijS,1
Jv60wE1F,1
pn09yCZU,1
oyMiKWGH,1
5iX0JLG1,1
ZybaC3eG,1
36ZKowDf,1
j87W2Gws,1
u5rp81GU,1
8cowklBi,1
YLgnMrQU,1
Lx6RTvJ9,1
nQ3AxvHo,1
5wnjJVAb,1
Q76AOydx,1
cloeSVhE,1
Qq2SXfw0,1
4QtX5NdS,1
g7xSiaA4,1
adbqEj59,1
sdVFxXcJ,1
SC73YGUh,1
naObywDq,1
62ptYAPh,1
JnIi2U8k,1
4jCnX235,1
AtmQgefu,1
sVP5KgMz,1
4HIe70ub,1
4K9btANU,1
073SXqRf,1
pAToKG6J,1
OG6giCt4,1
y4zXrLDo,1
UzFD8nOf,1
iZSEHzU4,1
5RrxzoM0,1
0ydZiSqe,1
1ElUpirK,1
JaIGXgmQ,1
FDHvu8Ad,1
HDbUMmVK,1
M2fyQ4x3,1
rfDEQd82,1
pB2WTZq5,1
ib7ZMmSd,1
pBZISn42,1
cGWIvBlA,1
9O6Rbeqa,1
Sj5Tuo2n,1
Dx3PSwgO,1
DVx6bn8C,1
T0t5PVXc,1
1fgP5dTq,1
9iEQjGyI,1
y6wLaMxZ,1
KeiGpMyo,1
3UV2TWGD,1
O8sJAmrS,1
Vi4z1GPo,1
Muj7lD1G,1
5PNK8Ihz,1
FEVaxGJm,1
chNg8lT4,1
fFpw2evd,1
osDpdObR,1
0RcPltsq,1
FeBMZNzQ,1
WeatXVR9,1
Boerkf0H,1
6gpLi79f,1
aK0mD8TG,1
MIJ56xcS,1
gHPVopD6,1
csrIoBbT,1
IfMSbj1a,1
rV7du6nH,1
qmMuCSV9,1
LrmtS4Py,1
bEMsUDL6,1
sjchbnLZ,1
VYO4RkWa,1
1TAXz9u3,1
BeasmgY3,1
uWky70vK,1
nLsRm7bc,1
BXnvgta7,1
FOsxo59g,1
nAdikEsF,1
P4MC7J53,1
WfVUIqPt,1
izQC1TYE,1
1VDGxUy6,1
P6ue3E4L,1
263PGHQc,1
d4P5CkZI,1
RqlJu8rz,1
nlCAQNKb,1
iFIUaBST,1
WiU2tesY,1
KTR1qy0x,1
0Btl5rbx,1
A451voVj,1
eDTHL7dC,1
GhcJ9Z4D,1
vh6li5g3,1
dWwD3fCi,1
SCTjquE9,1
Qky8MZDh,1
xTKpVvow,1
U3n4qT19,1
yquhxOEQ,1
gMSFJ5UR,1
qFEUtPO0,1
whSMgBfz,1
gSa1ykz9,1
JSQy26tw,1
YGn3c2Iu,1
ricCbaOt,1
34PWylzF,1
9eogSGAm,1
vPCu4mML,1
jBZ7OpNC,1
bqDtTgXP,1
JMA87uqO,1
tziDdwo4,1
bSZyC9xR,1
OtQsHIkT,1
UHFCcMWV,1
GLfkMX5u,1
ZQG6Rupi,1
5CDKveGk,1
FDu3owjg,1
RgOcCaGd,1
1pZjQ2Xq,1
D1oyJMks,1
ArchPj9U,1
HTLARErD,1
E3CYIFLu,1
rRUtYAgi,1
0kuVfrpj,1
BrSgbOu7,1
Waphz4QN,1
V2Oros3S,1
BgD7XwYc,1
vkV7JEuX,1
b6oQyNW2,1
957HdhKq,1
HghAMFQz,1
IYstXwG5,1
lHxyWJ8E,1
HwN1MEqj,1
j3yaYH8Z,1
HkNKtRUb,1
Xp6miEcy,1
GfHLv43y,1
UQSnOM0F,1
9a6YPvkD,1
PaIhXblM,1
UZ5Aqk2S,1
kIdE4zYX,1
yK9AFlxr,1
2CLDlbk8,1
FIZm5cNJ,1
iUTtc8ZB,1
7CiGZNQw,1
YKeWqoZQ,1
90L8sOUg,1
Nb9QEh0X,1
RmhFyxDI,1
k42VHljh,1
0dlqzp8n,1
rk7bImnH,1
yw960IC4,1
L5oSnsVt,1
KPwz5aRe,1
IZqDXjAw,1
C5UmopQM,1
HqFCuDtp,1
ju4PTai7,1
qL4dHXTp,1
dBTHNSzx,1
Uzb84ncx,1
zsYJN8tm,1
70PSDoWi,1
7GDJuxFi,1
RXhGab0P,1
HlyasmSK,1
Q26oyZgx,1
5j0wvHbI,1
QjeD0say,1
Ub3SVd8H,1
nyLbQfxF,1
B80NZrtK,1
EIby4zWv,1
eAEsWrbu,1
kyN2rCd5,1
OLDFRmz9,1
GQoZYySD,1
KGOX4BfY,1
KjEZeXLW,1
3sl2SBj7,1
HPuosZkf,1
8OZKFLja,1
MS1iNC2z,1
XmQ4Oo0y,1
bWvctn1C,1
tJix0VTf,1
5mENbnZT,1
Vu0XHDBZ,1
GARSgETk,1
s4RvFdyD,1
VF3Nq27f,1
6KZf24mv,1
YW7qsOSL,1
KD5BjnIF,1
aYEOGr0M,1
2niv8j5G,1
vFZ2WL5X,1
ULIC1pqO,1
5SD9ikrG,1
XxzapZ5O,1
SCPu5E02,1
aPq9C6b2,1
wO7HyqdD,1
mT9DANPg,1
Ku2hGgji,1
l5iDRnFz,1
umOtojXV,1
zCumrBgx,1
q4PtiW7I,1
63PIXwaf,1
5pyN9rmY,1
lK2dHVug,1
ACuBZyIX,1
40EdkHIJ,1
CkqIOnQA,1
lEkC9730,1
7hFGn02a,1
oEBzbWtc,1
TRUzliGS,1
bkFW57QT,1
1xSZ38oU,1
o7Jn0MLR,1
bEvKQlAO,1
C3FA2bIg,1
Edx50WBR,1
eca3U5rP,1
nomvO9d4,1
gVLAlxpH,1
hx6Pe2fw,1
NlWZXm06,1
R1JfUZGK,1
1IHPsW2h,1
ota4b1hW,1
9SdvzZ1o,1
8Bgj5wkQ,1
XDIeUm3J,1
LSFsWG0t,1
PuhTMbGW,1
WwyRcMA6,1
8Z7YaHMy,1
bPExTL0A,1
CDyn7csA,1
jn9Pegvy,1
VRq2lPsj,1
K9ZdR32r,1
1QNc6A4k,1
MntwTmOL,1
HwIvaoJ2,1
WFv9P2bZ,1
TYokPZ2C,1
nRX1Q7fj,1
xpPRDrki,1
JIOq6ZQ2,1
i7BJYw2d,1
xATL6BlF,1
ksFryQ8b,1
jQI4mKHi,1
LUCfj1ks,1
NSneCVfh,1
1FINKhcV,1
gBWi5e2U,1
N1R0YtnU,1
DfZ8bSWd,1
J8sqQk19,1
Gpv1ntYg,1
536vFK0B,1
LQaOVX6s,1
UjC08AoG,1
liU5brAP,1
S1jR6Qc3,1
ZGgI7Qcw,1
GbU8DunW,1
os9jIiCd,1
YH924BIN,1
c7W3GtwB,1
Q9uKq2aM,1
IQPCJyzO,1
RC3kjdlF,1
wOToWNIq,1
GdzimAtb,1
FikPlTvJ,1
RcLXy0ng,1
WoZIryCM,1
p9cEAJsy,1
UCRKPqrw,1
HwJ75nTp,1
IjxNAb01,1
GnhxkbcE,1
Kv2guLqN,1
1Ezg6980,1
u6itBabk,1
5OAhwx6T,1
ZnqgTFN8,1
Uzo0C2Z3,1
kibh7ZPK,1
sTwIqbVM,1
9qHlarc6,1
PBGMUScQ,1
45KzZq3o,1
kRxHPLNl,1
BYdVQJju,1
ZiJqr1NK,1
y0uJrFpK,1
z6Uv3VsC,1
PGn9dH2v,1
R7jzFTMo,1
JFjPlVQU,1
hBRVkI73,1
SEVkNMgI,1
nxXyTogD,1
59nMZckj,1
uFUDbSt6,1
xru08pOZ,1
uYJBVR9I,1
usbhWY8x,1
8OQi74Ax,1
QSZfCK59,1
N0pkTQyo,1
DIXwWOH0,1
hKrOuvwA,1
BlXV1GNY,1
Nj5C1snK,1
fr8hKNJP,1
DCtMnxTS,1
4Mwh1IVA,1
fn9LuAWz,1
hGn4oFPN,1
OBQFVrmc,1
l7VMfr14,1
5lmbS7sx,1
ZNB9y6kA,1
obHvESjq,1
s21yIXCe,1
ZXWO1Pnf,1
3kHaGSEc,1
PSmZFG2n,1
CihpsMjL,1
hYmtAlZn,1
fOi7wJ4C,1
Zfbhav27,1
hFDZSCEG,1
m6R21han,1
XtyFqPQA,1
KdsPbH7A,1
MVdpgB75,1
5WOB49Eq,1
wTVk2OeX,1
uvXn8SNx,1
l3YbhtHO,1
MFqyWOVs,1
GDxRXyqn,1
c7RdJeBi,1
D1clAqkx,1
ugc7oJWh,1
yS93ezLf,1
UVy8xZce,1
ZvEbolhD,1
TK3RCLhZ,1
UlJTNdqV,1
c5U3ftHe,1
q7xtyX4c,1
IpSt5a2J,1
EgysqMzW,1
3IbwG6AR,1
WXThmvR4,1
07UoE5tI,1
jt083Ovz,1
RXATBC4W,1
VI7PhxLZ,1
6rGUwBSW,1
zOciyK4w,1
vCyUEI5m,1
1Hhcnl0i,1
KB85iGOy,1
uge3wZtF,1
qlo4gSFO,1
RjHP6Qvn,1
YeEkUVJK,1
uvAmVRks,1
gyY1FnPB,1
cwg95Tbd,1
RZw3QfjD,1
xoTyih7B,1
vSFoAf9G,1
H9UastWl,1
lXiDhZGC,1
F0VDr9Zc,1
3Fl5H12A,1
Olx7gipM,1
